weight,gender,height,age
72.23203061815963,female,143.5875977761758,41
45.87826235704192,female,84.04603604482908,51
62.77765252161579,female,137.5131505264279,26
87.57971092359291,male,186.4672105148165,52
71.55545611167777,male,151.7635950722573,40
61.08593666768006,female,110.6136851322506,38
77.63088998466192,male,136.8808594264971,39
68.54935632532127,female,133.9748057701722,47
89.33102963918182,male,193.3867510264425,59
64.59165862681654,female,115.5708342988434,40
59.28110109640867,female,108.5323413385567,40
67.57960935691716,male,144.2077979339166,47
65.81928423997931,female,135.9369237493939,29
64.07450521727623,male,112.1895907770486,42
82.76234943317995,male,154.0020240090769,31
69.5997314180426,female,148.4399234419869,50
53.7431524935654,female,106.1952159656116,36
75.02909869978231,male,151.9573010881841,18
57.03492191045491,female,105.7386445123357,41
62.30458547691698,female,120.4011617295065,26
86.64277801312134,male,181.9713312935937,38
43.09977445232371,female,96.8304210714122,46
79.20478740694963,male,163.0344958748451,37
87.77610510425897,male,167.9186204724951,43
46.73871994677896,female,102.778967072637,38
78.06578904720439,male,140.7014440611202,45
71.78559081395349,female,137.9682971639824,47
96.91346745657415,male,192.8372784166598,48
81.33881399995663,male,181.7375108290597,54
94.09074664991924,male,201.3668912946195,37
80.43482276249614,male,153.3346900539699,40
87.27444307805592,male,179.6981675285839,51
89.86583897695786,male,194.5897808339438,57
68.82472760060259,male,135.5488639160504,60
74.22969129676802,female,140.40746431002,40
76.51004746122462,male,165.9454144131117,48
68.01049159940408,male,127.9815844425469,43
77.43971236674813,male,170.0791771394978,25
80.88962020708118,male,149.0125239889168,49
73.6974506454227,male,147.8449868073693,60
79.12623298740213,male,175.1148659849098,45
68.76292483262569,female,148.3274001539868,32
70.69136705041745,female,158.6517620797912,34
45.07246044259558,female,89.2797335276158,25
68.54779202889769,female,140.2672407916318,26
86.31305580923973,male,183.8912506804686,65
85.0919963362013,male,190.5601551670561,38
83.44813515687207,male,174.2640690070343,41
81.85916087426412,male,144.3194944767831,51
61.96600466090116,female,114.7038989556884,38
95.2102478918616,male,188.0648549502831,34
62.9940841141837,female,132.8198167454611,58
67.31915890377599,female,150.3567136233577,49
69.06827188534102,female,136.7006810114491,32
73.68191781092551,male,165.0061406706233,53
65.8520024816942,female,128.3382094746023,44
77.71417878500208,male,143.3430772728215,26
62.78017138414776,male,123.670165313192,39
78.20420127307918,female,149.0660621623415,44
81.11706623613038,male,153.1195642990781,39
93.33576544822914,male,188.0952222492341,39
75.44272721367128,male,166.0731733770597,51
94.93786780787876,male,167.8112087025056,27
62.0018219137646,female,132.1974422722733,43
100.0391011417537,male,215.7373620717423,43
74.33316296636448,male,162.5787961765327,43
69.77046457177623,male,153.2537870637701,37
76.70920407586287,male,149.5910041564687,31
82.3102647011688,male,175.5126918259643,63
68.2474297236731,male,146.7867392681069,56
85.4342817335276,male,161.0082547379696,40
69.57388061737207,male,153.9023452219038,23
52.0259106514138,female,104.3454923655673,38
86.9078650088095,male,190.0017357890848,38
73.88021839834394,male,148.7803116455593,48
89.41005159206385,male,164.6468167053854,35
76.66033299550634,male,156.9995899355695,30
58.38860183425151,female,131.2253295965806,69
63.89597629552938,male,125.6383742518703,32
91.08363147375408,male,180.1806660661814,35
109.5027021646746,male,212.2759464511683,53
71.12357413334503,male,155.1087390932448,43
65.18975995621969,male,137.1572239425468,48
54.8674998484456,female,112.249163717879,40
54.68471238425446,female,111.1799856786717,73
50.45371375222371,female,107.1637543425727,25
76.44488372322232,female,140.907903289804,53
92.28944139546846,male,184.1556436165626,32
66.87396714005867,female,128.7389409643295,43
68.0247625193223,male,126.9190291934707,52
68.97131823072584,male,125.3725665812588,28
100.7342149971604,male,213.7685187324486,42
54.17940497799921,female,106.4224824532926,53
55.78135316403722,female,97.75639118767276,32
61.36414448018859,female,112.0952361293331,44
85.91051670501972,male,173.7711189717546,49
87.42797574864126,male,193.4515795506092,33
66.47837757871561,female,125.4837904263554,31
61.10900422310981,male,130.3384364078452,38
82.43159348744871,male,156.3390721349355,50
74.8568942831708,male,162.4356406171183,33
38.09969717678027,female,80.79107102858937,18
63.89366440666454,female,140.1258671700173,35
59.73374701281201,female,131.6954470327281,45
54.12098339405615,female,117.3295074888649,51
49.44404762638857,female,87.47440565615757,33
68.65640488595069,female,124.035513855573,39
73.92757911772101,male,144.3757340474544,51
71.93209658901293,male,142.3756913709006,43
88.20789802358625,male,187.2693088292937,45
59.32185909537318,female,118.5505883180059,24
56.04620880483308,female,124.881941681663,34
72.77228668095545,male,133.728847191212,21
76.48641699571854,male,134.5276629950732,42
84.13217889676048,male,170.9362157954827,29
78.34538213324039,male,152.8716561693149,41
77.3081026387549,male,152.7485309747695,39
84.63495901102009,male,156.244389966963,29
56.49368385540369,female,119.5330212600203,31
54.9211146165384,female,102.3358351052047,34
83.26239509684557,male,152.193708451731,52
57.43136262745145,female,108.7994475035536,24
75.6551573553719,male,168.839563674487,47
76.96561458081007,male,165.270537856593,30
91.6064330226754,male,174.6918766234401,18
82.09187399717365,male,149.5107085152641,38
86.0212472246162,male,167.1384552694174,29
67.44304647629411,female,123.4363945289357,30
75.34333723024758,female,166.6756530825319,32
65.24404182074836,female,116.3019871548176,33
84.91456544280865,male,152.2968488247486,39
56.66597301112324,female,100.1872121518443,45
71.52004864242356,male,149.8518893216477,35
51.64450310570508,female,97.44735483879764,48
46.17285434218322,female,83.79955201546842,58
51.63797104811795,female,113.9418560727696,44
80.06395623676579,male,159.5814851800782,31
68.3385483424882,male,121.1653494471094,31
77.98080663394084,male,160.0591787429944,52
82.586803860797,male,178.9274003671951,38
84.60109747640611,male,184.1927118943952,36
81.7268624421486,male,155.5095134547966,42
61.72497218736092,female,131.8886392279197,45
86.17298631108316,male,153.9584095444916,56
87.92471327285446,male,188.6894901208826,38
58.02121206162791,female,125.8369005204641,37
82.56205846026639,male,173.6112899450964,34
52.4274435014864,female,108.8680509687015,33
84.5702549619689,male,186.1223928991789,54
68.44196380189213,male,130.2120589803333,29
84.7048650489851,male,160.9293532809062,63
87.44635558082678,male,159.1859722247855,52
79.76323749785823,female,165.5681921088459,33
57.31067180628067,female,112.9978165058715,46
57.84827030725844,male,127.3149179175415,36
51.47968346919745,female,103.9091249584709,45
56.09936832515756,male,111.980963845848,22
80.23420788544541,male,174.7760533673987,30
53.87586245473658,female,105.6006769791346,48
59.84336226146559,female,129.278635501249,42
58.47110727491868,female,125.3609316559146,24
51.56456259799415,female,96.05452508607932,45
67.51217054546807,female,146.8507821650371,27
93.1948898568478,male,166.2833522398262,42
76.71790029326675,male,149.3731587468324,49
80.46560528644666,female,170.502208324336,47
61.33952441777247,female,115.0943070013131,49
69.41811672800807,female,139.8409669451177,30
65.70823858995992,male,122.6229916285423,54
70.7769847659566,female,133.2503145900466,40
76.49454286153423,male,159.9198702075921,47
89.52723652963762,male,169.5231861861076,38
78.2704591922681,male,171.2255060550731,25
75.27041808404033,male,138.8876859849568,45
77.13239986131602,male,140.4454660635687,26
104.2956458672897,male,198.3514468872761,38
22.47628342474514,female,46.68006740225419,20
61.33147033512478,male,125.6421515685496,44
76.40801781736704,male,144.8540889687917,52
76.0103589101189,female,155.0401561889612,56
38.7662054612591,female,86.19917714306624,47
56.4755182657777,female,115.9637700916114,39
58.19285682326545,female,123.2579946866636,11
65.10272016968668,male,116.983752968117,43
72.30873836618007,female,128.2561627977179,56
69.47057322263481,male,134.5556568840633,40
47.30631827192681,female,90.65221958882016,43
45.80455351780442,female,97.77311347705144,31
69.70206297968377,male,135.8900572142095,33
76.71254516921735,male,144.6110091586958,47
63.30520868373041,female,138.9615026294502,38
63.2986429343708,male,119.4379130348783,45
47.46252281953537,female,87.20187264418257,58
62.90195276399733,female,125.8958590928365,17
80.29724983392664,male,157.3244758715657,24
64.46724504278717,male,117.8529290229594,39
58.9561290875037,female,122.8191619803596,37
83.76696884951771,male,172.4428867195857,40
73.77391232121232,male,153.6687038816538,34
78.75497353274868,male,176.2900760353625,35
91.04515205745304,male,194.6375890514482,49
77.36191722618683,female,148.5124769865127,24
65.879771359145,female,132.5774695346064,48
48.12727749851026,female,99.0322700434418,31
61.23290363505608,female,107.6451233885866,27
84.76227728267334,male,189.3349593826511,39
65.33322980093956,male,131.1425017734977,45
65.44766689193979,male,137.8255588654702,31
51.27108278070509,female,93.18889811061582,18
57.96940604085272,female,127.8519434407135,40
51.00684919713274,female,98.26715354335578,29
64.65004170664648,female,135.2579983941885,37
84.76526003846395,male,172.5070105918028,32
60.48063267603661,male,119.1190943946771,61
60.07227619718964,female,132.6995999521826,27
59.99696915148072,female,119.8534616932518,48
54.33270562500334,female,112.6486537859509,46
78.08510544669292,male,137.6184286780962,39
63.07858529317767,female,131.9229889121209,44
74.97698023071332,male,167.0386791229067,50
60.86158214778187,female,121.2835514481696,59
72.56318338251937,female,157.6924886501,35
73.30015478724575,male,160.6296686599884,49
73.642550892171,male,145.5763694763712,38
56.04270775406613,female,116.6621759458831,45
82.39844035957935,male,145.8765993443099,52
70.00028711341054,male,140.2375080931196,50
91.11270906722504,male,204.1542578364375,44
98.76625237859147,male,182.6749398654404,32
84.66128499651052,female,149.0966949081029,35
84.22781447304502,male,151.8493317796819,55
47.18538743867312,female,91.84806847117606,24
74.9232470706155,female,145.7307462549824,33
53.8568412192612,female,103.4036854220376,40
59.25778794561915,male,121.8904726747065,23
63.42389898233321,male,134.2483367816915,42
47.70367619616982,female,86.22794377316143,20
76.70058230573136,male,147.4643859072709,62
67.04327263755964,female,126.5667138667599,39
78.58950656649584,male,149.3076121331199,25
71.75909387726665,male,130.7965944934996,52
89.22667244551683,male,178.8622403703216,43
70.86581699134665,female,145.3963674415494,39
67.49902109672128,male,140.2645405478695,35
69.00087822769535,male,125.5760706727352,52
76.84179235869105,male,144.7803185774856,35
75.50407896324525,male,151.6518477656212,47
81.5141668505711,male,177.8883816809406,33
68.30229498264721,female,125.9599275670183,52
92.80458504521418,male,187.7291573575164,31
92.34499849224788,male,163.3141333883863,35
76.14733326354734,female,140.0017460040118,30
77.40252702382605,male,136.2007745992414,39
82.211289162798,male,162.195551207217,42
78.90259958227443,male,143.2022510036928,24
73.23372508739816,female,133.079366567863,37
52.87263806833244,female,117.1182803488568,42
82.5890815693617,male,185.5396578461018,36
74.31888907086793,male,153.4127730346591,54
96.73555564182024,male,206.8843226847602,28
53.2736614330876,female,113.8659557658637,37
76.78318747094372,female,142.0014831879897,39
65.92912089914134,male,143.3121612631338,37
79.81144465533852,male,147.1951111669553,47
56.38352212748891,female,112.5987942577377,28
91.1180709169014,male,186.3196111465889,50
82.31852901417393,male,165.3173849212832,30
69.07919996769286,male,131.8647620404066,27
78.7048000839599,male,159.4852280354968,48
87.93538108084755,male,162.5593954569886,43
90.82920927305952,male,181.0406028267074,45
71.49868143165294,female,147.6912711809267,47
62.09296549910584,female,135.9346648811404,38
79.66176767009459,male,142.3464695165999,57
92.9493839178393,male,189.909556676732,27
71.42364583598066,female,135.9423298042176,24
63.13650163797617,male,133.7227551187762,33
64.83702606471725,female,114.4342138856042,23
84.9502846534997,male,163.2230686108529,42
53.76893370239949,female,113.4649335804401,49
78.41256547737383,female,163.5040883210187,43
46.09024809870301,female,82.48430264398405,34
80.65968686604607,male,156.0124559178359,48
91.76440009586165,male,174.8712436767805,33
66.04011596791698,female,124.6973033399315,31
57.11201941750361,female,120.3017028470506,37
63.61292677113349,female,121.9301444725819,36
80.0039628148205,female,176.1395423175806,39
84.6828136953961,male,185.7130918021774,37
55.40654667784484,female,105.5658879431314,40
67.82713727184638,male,149.2781114752152,32
78.46354861041965,male,153.7923182001254,40
69.00898218144953,male,138.7719802994073,42
58.76842659945881,female,125.726424297325,41
80.3930222994831,male,163.0749550633292,34
59.86761542021917,female,121.0805566092963,33
55.55570867058911,female,117.583544445747,33
65.21470721903638,female,119.1520171977669,45
55.06017178197668,female,110.3328906833428,43
58.86864057956914,male,103.6007408144141,49
78.59248149087558,male,160.8031642160365,28
85.7777572298968,female,172.5728603519931,45
89.99870902201654,male,185.7782559599263,42
85.27121770773464,male,186.6201282915079,30
58.87544358752452,male,107.7855281450549,30
40.8489669145452,female,80.34447482729637,39
70.31817892830327,male,128.6404929025351,41
88.24409633520695,male,189.1875306382668,39
86.38355931961802,male,178.2311454336757,37
62.07821491075899,male,137.4195558527813,42
71.29676794266979,male,158.7965880527025,50
75.47606753632382,male,166.3402084517245,36
49.31753577662228,female,88.69193986464437,29
71.56077888945305,female,153.9545013100719,45
77.05354187188892,male,173.1292174137113,36
72.05965689350373,female,152.0847488073147,32
52.02490413204592,female,102.7884006987458,46
67.63347317218549,female,137.958981014189,48
59.40332131355338,female,129.0789673746394,44
75.70809395109056,male,145.4230440743545,36
65.52157901227403,female,129.1058035634047,45
57.92362768557292,female,123.8035205939807,24
60.70437845577151,female,106.4865955915214,45
73.00872991445591,male,140.2933174168349,21
48.09827653223999,female,94.52951118019574,44
52.20646328909074,female,94.53247457963649,56
78.78544260273134,male,171.0064780484562,43
84.48901105187471,male,179.9123077497584,41
80.67716453885537,male,144.6097578259855,48
56.01406445809742,female,108.7852929558485,31
67.25046670884218,female,126.0471019663254,50
69.95613133549979,male,154.015180723098,28
67.54356692370263,male,150.6159291332245,44
60.51188375271377,female,109.4503090448905,49
59.10908281832059,male,131.9798610686022,39
82.65822278421815,male,156.0757303455269,48
63.6889181728359,female,138.6107497322959,53
76.89045823184017,male,137.2885487003893,48
70.19687537251957,male,152.5468890366719,62
71.58572630561986,female,140.5929356836178,39
79.82424264098104,male,160.1579336587986,36
84.5799309044051,male,187.9185443343921,45
46.53730352551279,female,102.8946765446587,46
95.41562609939352,male,177.3215832799182,57
74.25519736607586,male,150.6358159052696,33
59.49482967120318,female,132.0118754217496,59
57.08754350796656,female,111.1097855814311,34
71.69793635191657,female,156.966734367671,38
61.84678954084416,female,115.5345323708916,49
66.77776955783207,female,131.0130168351715,46
64.47534912292925,male,139.6194036746838,49
81.95492851316892,male,170.8072105132588,43
62.5138457241188,female,114.58620640649,49
79.55673012256462,male,140.0511927320028,21
69.0586211817761,female,122.5804562642614,38
74.29061316683621,male,131.3711107387657,41
67.32608276540795,female,149.8186882353861,27
62.73896296959208,female,136.0438187098506,25
71.48354187402549,female,157.5734394907663,45
58.61439598277828,female,121.5397766014628,40
65.4430262253162,female,122.5420461417965,64
51.26070077619782,female,98.89768951645992,46
63.07350223483635,female,110.7454167228529,47
63.72553769607803,female,139.5465673620878,49
41.79093208360132,female,93.25306467392328,37
56.22668595115605,female,98.44799588828474,39
82.01501702238852,male,181.234135214919,23
63.85600076242676,female,114.6777983407919,32
70.97636662354036,female,126.7059976948752,16
64.46400230298393,female,131.7710821943102,44
55.80362366079543,female,109.0600435968862,17
47.40115677812129,female,91.73076451880831,31
68.51619626448283,male,129.345390353243,58
91.42862864700538,male,162.1413275295008,34
69.70127955549671,male,151.5438995671668,56
51.78620249565888,female,93.5094240571235,44
65.54211525118613,female,122.3006195372431,51
92.70118260944795,male,172.729296497737,39
86.18052568047861,male,151.905995673221,58
70.2539190738755,female,146.9667932313902,35
83.65592265543788,male,157.0911306270021,40
57.52305304396589,female,101.7423532568371,37
91.56045205760644,male,201.5065225536178,55
64.7665959508576,male,115.6392436430617,37
69.24183669004059,female,153.3210565855222,31
63.6934218082077,male,127.9319828804217,30
75.73934772532901,male,146.8282522962444,29
50.31553893499584,female,98.59954361991534,45
71.86954458994887,male,128.362417535379,28
101.2267968000759,male,200.3213133206376,47
55.81142430513685,female,119.0741591608291,34
53.98897110546017,female,121.1166444865855,55
80.83601228394302,male,146.9563284219994,46
59.31785046812454,female,111.0566442228475,18
55.82164271714848,female,111.1075701921231,25
73.28430631722945,female,153.8838867389787,44
65.77214332082205,female,130.203606956926,14
97.11045124966331,male,217.0993730980641,58
80.52532426995829,male,164.8198683796528,47
71.63760887660446,female,129.3764272370603,46
67.43156287713835,male,119.684066504253,27
51.49591170506568,female,112.1407936558734,35
59.96033199527179,male,116.0069551310224,48
68.04490423460072,female,141.7323616307834,37
81.3546636452977,male,143.4952922133999,19
82.27372670119009,female,179.6194800064916,33
92.34385904280796,male,168.7150355440273,44
79.2561549072267,male,163.5446440901462,64
74.34396263800332,male,154.6199642087826,39
53.00572962958834,female,107.0399446579835,25
92.50814593817478,male,175.7643521126131,43
71.6568822575482,male,143.9684754636576,43
88.34388946112692,male,190.9201501730485,35
87.97807134934112,male,181.5977514027117,29
60.95682879783526,female,110.9016302626319,47
54.64884959925274,female,119.736213757883,44
59.70044232312014,female,109.0668217447595,57
92.59045691397694,male,174.7981431987202,34
75.90374851884461,female,155.6769163057626,53
59.15917444789184,female,123.8945376148733,30
67.39059896941419,female,119.9795569651022,43
73.56623379728275,male,139.6168017240574,28
89.79248915514478,male,163.1928625948291,19
45.96999969097261,female,93.65981867413537,48
55.20342237452498,female,101.966508228102,60
54.88358258267458,female,123.1256036517341,54
88.00763942413096,male,178.8573074650265,34
62.95556505094413,female,123.0290993663879,47
83.38873077004588,male,172.8688041274191,44
58.79070096124727,female,126.7500945007363,22
61.26160000443561,female,126.0379783484748,39
46.88511641472491,female,103.7030167863368,51
104.6829930165377,male,222.2745975288403,34
57.08883460270688,female,102.8767927910439,44
76.59824763053794,male,164.8577801744517,38
58.68791191943072,female,109.2618616374272,25
46.92619816565637,female,90.662282298121,42
60.58985941015351,female,126.5977172168766,49
86.73921145659736,male,156.5822497667496,52
63.1336448988386,female,114.6416450200718,32
53.43480611328655,female,118.3191325024322,51
63.40561796648549,female,136.3368350874485,45
95.85489668514788,male,195.8372052983335,40
71.64958956055706,male,136.493218832385,40
50.60649433493134,female,110.0111288051301,29
92.14314020774862,male,198.6580289394444,33
74.2373251702982,male,157.1015657621868,41
62.10498178125252,male,134.4174458483742,32
65.59558585957032,female,133.4078411163281,29
36.71956711642132,female,65.94668940522223,45
52.46935940997893,female,102.1375017886657,43
71.38875324535748,female,144.4130155572287,32
79.13186801119801,male,170.75203734277,38
66.88629753293628,male,144.0425353924052,48
77.07899838626665,male,135.0453917451131,41
73.4500391058032,female,139.5740520655669,38
44.5335680417752,female,78.99475186302038,32
92.55031058445098,male,208.1977187888752,66
102.4424601846057,male,187.7091518248864,35
60.80005109265385,female,128.1652354856359,32
74.90809699486856,male,136.2146283000756,30
43.59875594985166,female,78.61716058613949,47
69.05598313516113,female,125.3744964936959,38
67.41331515195037,male,125.9993896150076,51
66.31626517882466,male,140.4227995289232,56
53.84694077470927,female,106.7190864277259,54
45.06503795719698,female,87.1529969915353,32
74.66506113802726,male,158.4422377461136,25
61.39738464308353,male,136.7780291382004,36
49.05854521140837,female,99.25225257511052,48
89.57290401200582,male,166.8707509217531,59
96.48252118202493,male,178.0625618358193,34
65.7878934937264,female,134.863928193398,30
54.95406505402854,female,111.6326777361865,30
70.34439729680616,female,142.0969218718234,57
60.52730452465853,female,121.6588358483782,37
75.39083965067046,female,156.6622146572625,37
69.33338988818386,male,145.3060557438854,30
77.57604931604826,male,174.3644986682795,50
67.28020781011477,female,138.3090465633664,30
65.6913722004355,female,125.6069084012722,30
64.9870632142437,male,116.8787011913236,59
59.17541993588238,female,126.6642083063748,42
44.41904788926526,female,96.8988478701128,35
77.42887037599752,male,170.4230485491884,36
67.47265566252382,male,142.1716062917564,19
66.93285603362968,male,143.3412273284943,43
46.38136955411134,female,97.5548542001034,36
71.7296704168075,female,156.9984106417831,37
80.9331938698137,male,177.6560729676705,32
57.98618628176243,female,115.4206662616602,34
67.43678850306762,male,146.7558017493232,42
79.74404920389617,female,154.3315309026778,25
35.15118797731449,female,65.18456625213031,37
81.16341445284878,male,179.9328182507376,50
73.12281612090557,male,144.7452448065569,35
86.83520660572549,male,188.9035916380928,52
65.4779236032638,male,135.835241932623,60
86.45935922212352,male,188.3463294827056,40
59.79063053173251,female,112.8867135790775,28
82.42401846835811,male,151.4177425732333,29
82.52721290572617,male,182.0159379347315,47
83.06193239834585,male,165.6333950903792,35
46.95686173653729,female,85.55672761762052,50
86.14296552673038,male,171.7855211886205,50
78.17881754564941,female,164.6532312059611,34
97.394644625549,male,215.0985697545689,28
65.47357805860936,female,131.9646347178376,43
41.96841822081345,female,76.34056267071138,32
93.14469125494114,male,200.333641861984,45
53.11625784212464,female,98.99800395511222,33
90.58805518030807,female,174.0767662686535,19
71.01618560601734,male,138.6242974653008,34
79.56538769427326,male,170.2298403018323,43
97.41741474012932,male,195.2723940797056,45
72.43024683802406,female,127.1861732895185,22
69.73336776818743,female,133.8852686922149,20
71.54698899179328,female,153.7189217913677,44
34.18931362575847,female,74.91374566709133,44
82.5995146613304,male,153.1258027667,39
65.21445306253807,female,129.5580064071118,52
62.90205626552479,female,125.7062211297829,57
68.0792821468061,female,131.7574343083495,46
69.87640806539474,female,146.9883335341737,53
81.01026883520369,male,150.9564027732772,54
86.02450640290877,male,158.3209899267817,49
76.81868773886728,male,134.9456708907799,21
91.37439509538244,male,171.4046621661047,41
85.0573809398635,male,153.6367367488417,25
102.4816231701451,male,202.5581519945236,40
43.4428928514405,female,79.74493222103723,26
66.14643692424431,female,135.1414138498784,60
79.44815812422684,female,160.639716604414,41
29.42131264836708,female,60.1893162393464,38
74.92011983478116,male,148.0362822752452,42
61.96250328746032,female,122.5937677687767,46
77.29671088408189,male,143.7669054503245,46
76.07151978510852,male,165.9517207254217,27
67.60220728882001,male,138.6814860986636,42
80.39700999477802,male,150.5377474877273,42
68.31309299022423,female,127.7663305980835,43
51.09830010280949,female,96.9589773856578,34
76.4391594613099,male,145.4077348203909,31
64.74896410446985,male,128.1506867581784,36
86.52304180637071,male,189.7351135837687,41
60.32963723207712,male,113.9599702774412,45
46.86887900383001,female,105.0258052393538,40
83.11944302645968,male,174.548324925081,28
57.59235537944354,female,111.997676924627,43
66.71305715890946,female,130.5058146414336,42
75.22529872361969,male,141.9537404130259,39
60.10679768634437,female,121.0693171834202,63
47.38497613460002,female,86.16969717500263,39
88.87221905632155,male,193.4967770049856,41
59.83093084107621,female,123.1757867038651,41
67.9986550324857,female,149.194395679853,34
74.67100633102957,female,142.8616511043078,49
48.12342579557063,female,102.6700370965471,48
62.89893605140081,male,131.725498503687,34
64.63084141378944,female,143.3158064605814,37
48.51630192202067,female,107.8902212035075,46
61.75699070376274,male,121.2235629756525,50
78.2553035361287,male,151.7332386591172,31
56.99737913400576,female,103.003278491044,41
65.25083321640584,female,136.365654726649,36
76.3688120446621,male,136.2472798859246,23
64.7528620618372,female,130.1382787911838,27
96.12418057042282,male,168.2647000487444,34
59.41837731457714,female,109.909381119644,31
63.34453517992251,male,134.7471398517521,56
54.94791835590065,female,108.5121804911443,34
54.27366749058238,female,116.694177634831,32
81.90312310997362,male,161.0396041676355,50
54.22567496037868,female,104.2719059014483,35
66.9243875945512,female,134.0832255960813,21
58.72639712479804,female,109.2336923246627,48
75.48356082903427,male,137.8835563966556,21
67.35131666244536,male,139.7914240051121,39
84.42483388653916,male,170.7359774557633,28
41.8333832195945,female,84.20461118625161,51
75.49547086190861,male,136.4877039626477,28
75.12330109093122,female,161.0907460255551,33
99.22837670188424,male,206.8859745979235,20
89.77684921571262,male,173.5658803086733,35
60.73932765275364,female,130.403295745664,42
88.75044607784668,male,198.0327683239011,53
62.08752586558475,female,121.6570878826453,46
47.88712326872297,female,96.64866822725094,67
73.3508054564303,male,149.3709244148031,38
49.74352724587801,female,96.57774273881796,33
86.5227026674256,male,174.1987819790702,35
73.4066427091562,female,157.3587388364223,49
56.07988066641288,female,123.4851239847457,37
77.6198454679809,male,157.8954515230087,29
55.15379470600443,female,120.7785488411202,34
75.48255774245547,male,142.3748305150525,54
57.08042800511173,female,112.5844194434695,40
98.80897513638668,male,214.2165808972603,55
90.50593491499546,male,166.0035058372336,52
84.59629823357945,male,160.8021108964275,49
84.5554255684157,male,161.3882134876546,60
58.9326908634342,female,104.9821045695332,53
73.67271725784019,male,164.5451490160466,45
43.04951821645659,female,78.42477795750686,48
67.20657287237815,male,142.7431547890745,55
69.60166139342087,female,151.7419242459027,29
49.85618313228063,female,92.95924212294275,45
57.20623145148512,female,120.8713450564683,40
56.22148993667789,female,113.6864312389102,17
66.26800074325392,female,116.416464922706,58
90.50665612117166,male,179.9248109508032,49
42.98914432657405,female,75.74281606541896,32
85.65312545690543,male,155.3490562073012,51
49.88911526343555,female,103.1633720955634,32
54.49654596848679,female,113.835595275829,45
61.77238383585715,female,122.3418436836752,44
77.96236943199162,male,143.1647162861309,45
70.5723443725941,female,127.4642885494674,47
86.5700700004884,male,178.5020025089299,34
96.60183687185156,male,215.0760772888501,38
74.45238797048349,male,141.854475898248,51
57.01055959138935,female,114.8032459255163,46
58.11707872835353,female,104.8147954414481,29
88.03065951390367,male,157.5607921618139,52
51.84614891258583,male,115.5033188287348,28
75.81867033288809,male,144.4803904724595,41
56.92721024840804,female,125.1728726569704,34
76.82316673889709,male,150.4174220119831,53
78.48869023481669,male,145.2774333571928,32
58.03577057018006,female,124.2710171118512,47
71.52119181323863,female,139.2844335609984,33
47.30477822969018,female,98.29384708852167,39
78.837428874834,male,164.4157149562351,31
72.33086661525195,female,136.6017035086828,30
57.14127709360196,female,103.4738621434479,42
46.50866256841923,female,91.45787341002952,40
79.68257315812563,male,174.5618616721755,41
68.83073632157064,female,135.7846197200359,42
84.01503796024906,male,160.5497146411681,38
52.49831473232353,female,115.464058325031,36
67.81178539924674,male,124.4761991826482,45
57.58050338937277,female,116.459421457644,39
49.34041971286474,female,92.97305721055989,31
94.9807102599576,male,168.0937321964476,51
68.27827777571855,male,124.824466607233,23
94.61812532431884,male,202.6430274217183,36
70.78441296296087,male,150.2838154709488,58
52.81065708327542,female,97.4277283401218,39
61.43102266288699,female,120.4538656172439,52
85.59486209971517,male,177.7828583322777,43
66.31192872910587,female,144.1909708617192,65
66.87716160783837,female,141.8842959366537,44
86.64019332784792,male,188.8404879384725,40
53.71395593475362,female,115.8266586868383,31
80.92737991404489,male,165.5610073096944,43
38.77801721560235,female,72.44492266426658,32
42.18372145057933,female,82.8705817027856,37
56.04923014444496,female,115.6930429361094,52
80.49586012774311,female,141.4583913341623,49
100.9302173191866,male,179.6420358447512,48
83.17891756078468,male,149.6144761079106,29
101.3355319065872,male,187.2401801634297,57
69.85118621157388,female,150.3555243598542,47
59.1367637945858,female,122.7032051120037,39
72.98706582583758,female,134.5058299349363,39
56.67134649385081,female,127.0554421531919,37
56.00462479331653,female,116.7153974583062,25
60.67948561708338,female,121.1474208457319,29
50.4801569005081,female,104.21327409636,33
53.81050468457486,female,107.3655451737157,36
76.5569229322709,male,161.4238603152287,39
64.83879688108982,female,121.5602404178214,48
78.55555816625105,male,138.5039400804102,44
72.4220586603725,male,135.3649788850912,49
86.6749443095883,male,159.0650574860532,27
59.6697566670423,female,114.6697639682982,25
48.10252474654787,male,86.85803209963505,30
66.89663479620566,female,133.4945756663344,45
44.37544442101547,female,82.17823993463695,37
90.96115857029,male,195.7471941479221,30
52.21195671920518,female,95.19766187407788,50
58.75093645559583,male,105.3124692688558,45
54.09525902771813,female,95.96746010956088,40
82.88302920298761,male,167.1733631706218,37
67.69438902070969,female,134.8408915284808,47
65.24343425502502,female,114.8628854807325,28
79.7384882731263,male,176.2261343629885,34
65.64253207612882,female,124.4334573958146,40
68.11341783555272,female,138.4305915581295,31
63.83383029565736,male,123.0754213327189,44
47.23391170322554,female,86.38107428042005,31
71.75856112271332,male,147.4374410619207,63
62.99202152304082,female,125.4427246875016,54
91.22101286800108,male,179.9698619350602,46
82.42867514558178,male,159.4504538770969,41
62.2360118693822,female,114.5497167183649,43
48.37929656598854,female,86.3257567029702,55
66.06997969689782,female,144.950295449958,60
80.80730140290645,male,148.2396100022008,36
72.75900897427364,female,148.5713344025925,35
88.6008578273078,male,181.3823728949417,56
52.45778467089278,female,116.6531220294584,45
89.80852196455584,male,187.4965301238743,27
66.97375281254384,female,141.0032508586822,58
80.13791936807237,male,142.1114934734893,38
63.12650795173342,male,125.6702415382202,47
77.06014903436909,male,146.7160859848565,25
88.75411321162933,male,186.2769614696602,50
75.34315134121721,male,134.3307659662067,27
69.6392389397311,male,134.3983546977964,23
70.47707315442153,female,132.2576696091602,47
80.79143081429531,male,177.4335619767936,24
80.18398947331947,female,158.5063340218618,44
89.17629517086456,male,161.640197350033,49
51.7466318284774,female,104.6004224581793,35
52.44859668284169,female,96.49294349563311,17
55.79557195291789,female,103.2153465794697,31
69.09645346416298,female,142.9167563959933,38
51.41299894014939,female,112.8030098201868,35
62.91783817456776,male,123.2945609074687,32
41.32452616896735,female,76.38569642150016,29
41.31603744536876,female,79.79031261761403,53
51.75534954498098,female,104.2435521679149,39
60.73106922042973,female,113.432412955872,38
89.68885755669189,male,188.2022362485146,29
58.37255633012621,female,105.5278670249035,46
67.0521306253963,female,143.3104830376848,45
69.04418011884786,female,127.7740012580048,37
84.32976278678053,male,159.9890842094197,30
85.68735686905295,male,157.2198361550475,29
81.29307178686587,male,182.7713106551207,30
78.97332952550711,male,173.0892086164523,32
78.46525081952328,male,172.5740419814899,52
95.9678298934378,male,180.2148617731034,22
68.34804145859457,male,150.8693412881471,35
71.4452083160873,female,155.083536870455,46
76.03258515370759,male,158.8022822483511,23
89.44052486469093,male,173.440686500199,27
68.3978314614613,female,133.5265723061885,31
75.10751419908573,female,134.1437616279548,44
84.8753844394181,male,158.6977201229536,39
91.08797595605272,male,170.3265756394077,46
71.62367043248217,male,133.2845821241779,52
55.56021242424893,female,106.1256699966999,19
76.63342483759823,female,165.8586055002849,43
86.62683048351754,male,156.745756653213,44
61.04217091443356,female,128.0298880358825,33
54.18795614548123,female,105.3118950597497,35
46.74050701381626,female,96.5096857323108,42
92.10659929596336,male,167.0177010046623,33
75.01318576605176,male,154.1945480997571,31
69.80373647847401,male,149.8100515216964,34
76.51785445552134,male,161.7650845434961,44
54.3089331367671,female,101.9992108805614,31
84.25318075695495,male,187.1195829492849,28
60.98513106984537,female,110.4033379059847,45
85.497739655517,female,183.2268451135369,48
88.33511898936194,male,164.4229757990474,54
72.5819108959885,female,163.158533104467,41
91.19147018396694,male,168.3891986834694,32
54.25861021753768,female,96.52633238173442,24
75.40104405364877,male,133.4549085718665,33
75.0250748116701,male,137.2022549237628,43
75.82049252720721,male,165.0297943322626,40
66.35844733494558,female,118.3419864063827,43
52.52929067992874,female,99.66680445817995,31
79.78189405358847,male,171.4535283710168,33
78.21561651938063,female,168.5573648665077,41
67.19007177784725,female,126.9736919445755,23
71.86164426393552,female,128.1303693630977,46
66.50601666478494,female,130.3393497192396,52
86.18141222802929,male,191.480375735675,38
54.23600917281966,female,121.5558437283627,43
78.56895988352889,female,174.4113688243276,37
73.000953867894,female,128.2044163937369,39
59.73424366078916,female,112.1739252369911,33
73.22275501840683,male,148.0762434974927,43
90.58377309039102,male,202.8861965786907,30
76.80448340976187,male,137.4999540487354,44
75.02831401655705,male,145.6895743071389,22
66.40360962187972,female,140.5189992116348,37
56.1371994243919,female,99.82164776989488,46
65.30038829216402,female,121.4846437908916,24
52.04543214861497,female,102.8143582516344,38
56.14080359275603,female,108.8457854510247,52
87.93521290202999,male,164.8197137409497,37
36.10551236163172,female,71.95907466115948,49
98.37623671475772,male,185.041503695849,43
35.89745763903057,female,76.31372965417684,11
61.78749836748548,female,136.4281003200988,43
58.10150686535586,female,121.5973114898251,35
60.5536534728974,female,107.0498053809604,27
54.22872198872102,female,100.7177735954008,23
54.26993097322698,female,105.6119456205242,21
46.46183718054287,female,92.10430530121116,49
55.04039897390354,female,112.1428756682169,43
60.37316599711019,female,114.0331856543274,60
71.70827428556734,male,138.8622201951316,35
76.05054998229042,female,170.8616439527188,47
64.23703720522165,female,120.7874636032269,58
54.75408123567752,female,101.9414154963813,25
91.81540949967446,male,162.2324424916795,42
53.92071434883333,female,100.4511734970746,47
77.39397339303076,male,140.8272403223526,45
87.99824170187085,male,165.9233805481783,58
60.67107147995617,female,113.3524753288135,39
67.77519917813504,female,120.7916005883261,57
56.47402115959823,female,122.5476500095193,39
55.14691273531351,female,119.1078097449461,46
74.58311025679208,male,167.3548637563021,34
69.66159196761485,female,136.8458541944239,38
88.03254760029259,male,192.8723411440229,44
79.95183941399554,female,143.6197737537579,45
68.13089254559098,female,146.3293564830514,46
63.70126367871853,male,134.0468168760296,39
92.42391621795488,male,179.9415729838456,49
72.81159187273438,female,130.8295306345104,47
70.19686284080824,female,134.6010009791267,43
52.12798099475904,female,112.2964204670183,28
62.06925221776984,female,135.2326115925929,51
84.60333243226223,female,169.0234152839066,31
77.78213300353654,male,147.6590152532038,36
87.39441915144423,male,183.9256626424686,22
74.70387396321367,male,152.8902309224656,27
75.46874495874168,female,164.949138494646,43
51.02854926771992,female,98.17722622438689,48
61.34892311441494,female,130.9544044127728,42
56.59713897469788,female,115.9947410304605,41
76.67118980179319,male,139.0643648576185,37
89.11309910073402,male,180.3973923841324,33
63.88372678197199,female,124.5100505780989,57
67.81797845483635,female,151.6534579939843,32
65.76784495976608,female,135.2424150829465,20
90.82775650568598,male,174.7597103036088,50
59.88805205695672,female,119.3046841283337,40
91.83365477104994,male,176.5257376782199,49
42.88932088400546,female,95.90526527239558,43
63.13362196210684,female,139.7037659084712,26
89.08673593623452,male,176.144001646093,33
85.86719883997183,male,186.3344674981679,48
87.55963904217501,male,171.1815233571535,70
38.32307013195811,female,76.04520275488234,24
70.91131316861514,female,157.3324106343341,50
91.37774561291698,male,161.9463769288453,20
61.19911745790259,female,132.3562317377433,33
71.75872935106484,male,160.908026797069,33
91.49283439012126,male,161.3171892672003,46
60.89440656771163,male,118.195226011462,8
72.61594399403607,female,138.4964458571963,27
65.569965011909,female,115.1823312131369,43
62.02731388616044,female,134.963274159515,29
82.62323052837387,male,179.8165365976319,35
70.80466227658144,male,159.2464789033467,33
58.43684568004083,female,117.7922083811891,37
93.78543539410109,male,176.4893947169018,53
77.5753886934003,male,172.6018897320633,44
75.34102920975431,male,165.8193854337477,34
88.54542797460917,male,171.3875146445954,36
90.58580500443225,male,176.6339707009648,23
51.08370519397376,female,114.4040778348725,42
57.36751635224228,female,127.8166663595651,38
75.97734052199439,male,147.6150572995412,62
78.91723898386475,male,172.0559365367207,30
58.05278860823154,female,110.3996531862827,32
52.53633169274374,female,114.7923247150469,37
57.13967056221869,female,109.7184167249098,52
49.60296071039311,female,109.5087702530471,33
66.66990247779911,male,130.8120059080703,47
81.38713132852001,male,148.5238967757709,50
41.03013196697272,female,76.18698030474475,47
72.59764310746107,male,159.7056631382167,43
85.28212143665041,male,159.9095697867675,43
61.05761946230709,female,132.880860029881,56
61.19937109651775,female,128.9959817487226,52
60.19664465107343,female,135.213902688002,49
60.13918724510184,female,128.7351549170496,47
63.17802985102331,male,122.0320951327065,40
64.08407523753012,female,124.1735893863536,32
64.03360995322873,female,140.2865754491263,39
58.31577084739649,female,125.1730083849972,33
61.83484702059206,male,130.9269139954657,39
57.90865290205168,female,128.8033859061064,14
74.84559487963385,male,156.2460543775223,51
68.62583507412491,male,138.0545405416654,40
59.88337595852148,female,130.2995831587719,51
80.93049047054086,male,149.3914614537877,30
49.69549232151873,female,92.57317810676854,39
51.97793082223249,female,107.745321986936,42
65.4634771499695,female,124.8889538154201,45
83.33785834507468,male,169.4748948178727,26
65.43980564531874,female,131.1597951386486,26
87.11635582480197,male,189.3517011329546,27
80.33761451483913,male,171.5042360627075,28
86.51327388097987,male,169.7035706382019,37
75.3451260205121,female,166.7397671656558,39
68.53661536233933,female,139.9986342188363,47
79.93850430167129,male,172.1605771737073,44
56.57747514723805,female,112.0912005449294,41
83.07420626365698,male,177.2567991643399,33
64.60221417912413,female,126.1271580232723,38
81.90098523730025,male,157.9347813855909,26
68.8607375788987,female,153.8573241460813,40
56.46380753362242,female,105.0711769752862,29
63.78374010652149,female,136.7409238271198,43
62.76465721410444,female,128.1488131379677,21
84.07036305569427,male,156.6200397585381,24
77.73845556685488,female,149.2529877041364,56
70.97330193042163,female,151.4323388553968,41
61.05802711305547,female,136.5441588933076,37
81.03861275072299,male,149.7135511730376,50
75.0299737282797,female,140.7838988484687,53
55.17492473719468,female,101.9474495827319,37
63.78994360194252,female,117.3948170888053,46
49.58421963154498,female,100.3679916009223,42
62.72667418847519,female,129.1227805701962,30
64.51834254786847,female,122.539855245323,41
84.05614434000634,male,160.0602521670724,34
78.24985730154458,female,137.6379462396916,34
73.19506318908232,female,148.5881522747649,33
77.86087638658817,male,147.5623339517701,43
83.14424331209797,female,148.3735865116249,24
102.7510917844421,male,180.4241521165308,20
81.4779591229883,male,169.9976812790628,28
60.02679040785972,female,120.8552816105104,43
80.2631016373679,male,170.9268353045245,38
68.60960114909868,female,132.6870417649976,26
64.66209654812855,female,117.9894846674132,40
82.91383844828539,female,150.2907418329486,26
91.37235522631671,male,178.4746563464377,41
63.27698497651127,female,135.8720368371249,52
42.09889747080564,female,90.39337852859572,44
89.38169212258813,male,198.5159872609627,40
67.93424739024384,female,128.1527286753438,49
77.36974538255585,male,151.3617267090771,41
96.22626771919292,male,215.9002101700065,42
75.44099387803416,male,158.9765782427285,35
57.52913304350557,female,125.8288947747062,41
58.71696273716321,female,117.6431484077478,50
52.99022626795828,female,108.5469889968765,41
67.28109798018134,female,124.2813001852145,46
57.21906855052529,female,110.2568422660253,28
80.29331764522694,male,170.0045119316944,47
74.01645623203551,male,148.2030082552061,38
52.43359489094733,female,115.6884540297944,49
53.4061695549231,female,110.4021091730115,46
63.1456926964336,male,141.240861088377,52
50.76251723123083,female,97.13053733037846,41
87.48262196673332,male,178.4881319671821,51
89.25411611695746,male,164.3676873901114,34
58.57922610985074,female,105.9928772537193,31
78.59625019673187,male,147.3712875484168,33
48.65789076933446,female,104.3332996878523,55
82.54084096389936,male,181.5052680674836,40
63.81023482978576,female,142.181109341313,43
86.68623932814876,male,181.7343948136323,40
75.74672749023597,female,149.373529481794,32
68.1953879651611,male,150.0509196734893,24
64.12744978072898,male,133.1617949427585,41
67.06269674827143,female,122.1233117569749,42
49.8840462011616,female,88.82309649088826,44
76.87362904289498,male,153.4586924773697,26
92.45269667905264,male,204.4634266454265,49
89.73125289422,male,180.0288728957695,49
59.11063359058742,female,125.4463110673901,36
64.02354490876093,female,130.1620746852082,49
57.03774614184005,female,102.3283833116259,18
64.02786028058007,female,143.5064609215433,40
52.90056515002308,female,108.2767430041311,53
88.84122034141811,male,159.7141819096279,53
79.23645957667789,male,143.8561479852993,42
70.66464574701162,male,156.3412537042479,55
70.36576640472323,male,125.3601024726247,54
58.44979516659164,female,107.5862950835065,49
55.3886970675937,female,122.4830398057096,39
61.72794738546047,female,113.7177192703038,29
56.93659224458933,female,101.3649248251993,34
78.61286988546173,male,169.3657427658578,28
87.58630131438034,male,157.3361431834557,48
79.60807475911356,male,160.1637489141299,26
76.50757994337685,male,143.9544557507176,46
71.30105166313456,male,142.4083907927701,20
82.62552640666476,male,182.4756996162985,43
59.00569786678303,female,109.8109893425874,32
92.84623721306782,male,163.639529602982,37
103.7211637343124,male,213.0170400236804,34
70.20768679795998,female,152.1446809052921,28
65.4427075452713,female,140.217792988024,53
68.30556923845081,male,136.5541450976072,39
51.62944877668004,female,95.90005670771428,33
86.57623335472158,male,175.9703180035221,48
88.41133082423084,male,166.0431736858934,47
76.27976998922759,male,161.2880587214112,30
63.77555631568276,female,125.4713547910678,74
60.85544786965991,female,135.9352331490548,34
65.0476126108712,male,141.7753568613169,40
78.53062911855373,male,171.4440919658784,30
50.69983761169609,female,110.9700790137337,43
69.42286774065437,female,127.9428285446987,49
63.87310433136052,female,130.6408796111176,64
66.29977043182393,male,123.8344396739145,54
65.305201430874,female,115.3141569448638,19
75.3228227375434,female,156.839539582174,43
70.08673603572814,male,146.1030369641325,35
66.62103720220564,female,147.694070216017,51
59.10132997636302,female,118.424705054046,54
62.52785412438614,female,132.0651048399526,48
59.55172000028625,female,113.377398916535,23
87.47846624399416,male,183.6757636144057,37
72.20384715362103,female,136.4644132233437,40
62.29215213487518,female,121.7640522149182,39
82.73352597446949,male,165.9094428417461,37
83.1490776898095,male,180.0239450089024,25
75.25268172709411,male,158.9647867941029,35
59.47933722930872,female,116.8930975029583,31
63.20061660783435,female,116.4979079180796,44
65.01360343290037,female,114.2957901281057,34
64.34066277434768,female,139.7002866996561,53
76.46882176943693,female,164.9244054452478,25
48.70087411539203,female,103.7160551722979,29
73.50302989580567,male,157.2336369248831,46
48.14442428480947,female,100.7391113654405,58
54.43893220284549,female,115.6217990276104,31
68.92849747312333,male,150.9304370832977,36
68.49764186472142,male,153.8922430367771,43
85.94276962127914,male,162.8861760828103,40
51.80581127357136,female,114.8717009539198,44
64.92939318748692,male,126.6182287718752,39
55.79971091514849,female,97.65298077391168,36
60.02394426913634,female,106.856601664789,18
69.95201574279578,female,131.1489129172116,23
61.56966680905003,female,132.6557916365956,47
71.40588287906725,female,135.3331681161044,38
48.97560879911615,female,104.8731040480142,22
73.7755809569436,male,131.3333744907272,41
51.02851057665092,female,93.95557320197204,43
61.79576559774794,female,109.245161410297,43
77.2581943366465,male,139.6233845057997,29
82.03433497981013,male,169.7047498402642,38
56.11391797653295,female,111.3920401810329,34
65.45697885570786,female,119.759783772457,33
61.90619728226667,female,109.341228711222,40
64.19074093440896,female,122.2326088797944,40
75.27506285794969,male,164.434472111141,40
72.5287652202587,male,150.9862273132405,39
57.4190686453071,female,118.874860671333,32
56.24654000443658,female,123.594749071414,24
82.14290451798458,male,174.3795744916676,35
56.8868533860967,female,100.0677904090169,40
44.73360177102833,female,89.98282114799021,39
58.92575438833188,female,123.2580262832659,48
50.76390734406796,female,110.1135333142128,27
76.30887117044915,male,155.5179866757854,54
55.73763328966152,female,120.1402183049517,39
42.88062302988521,female,77.90612318961543,43
73.07783450362504,female,144.3031546905455,40
82.34816864232756,male,146.1106227591999,27
78.24749634195763,female,158.5389035282,47
75.08895020189404,male,160.4449842782797,42
76.1283439104574,male,140.2176489884548,47
71.12110567803832,male,143.7148615001661,40
81.21627721035733,female,153.8735889323027,29
59.71652650403831,female,129.6327843504954,43
52.67262937490175,female,112.6012288923413,40
74.39693483550658,male,138.8228444728881,27
38.79261018413537,female,82.68078529784664,45
49.7811634038121,female,106.2202600374566,39
80.9820155686587,male,172.1123094357444,40
54.93888694254937,female,104.905475624917,31
84.63908225505324,male,174.8793044185207,44
42.13206912015935,female,80.41002601866833,31
80.66480686072211,female,176.8399778915632,39
86.89629595901435,male,183.9948822093945,36
65.02526449932353,female,121.9254199559088,36
56.05607967694933,male,118.3621198765312,30
47.94017780561489,female,91.45969507549188,47
53.63995791221741,female,112.1003568287513,45
63.36714597764288,female,126.1218569113734,18
60.24395591616366,female,109.0058812097008,42
64.11678341127276,male,122.4133014432112,39
67.74494406169322,male,123.0763886290801,33
67.67620035572688,male,148.3929693155216,41
90.33435203680372,male,177.5275808016991,43
60.18054253921867,female,131.0085975055345,52
73.06480929354132,male,133.3305604581253,45
83.87284333753756,male,158.4780741500137,42
63.31667259803261,female,139.8044675833676,30
53.48745485033235,female,108.2718845311562,45
52.28296716753468,female,112.3967266973958,38
67.68264914895924,male,120.0554947104924,39
65.1943817026277,female,145.3789179315036,49
73.78856977192977,male,140.0378869296967,41
67.55217959837871,female,124.9025555065051,31
86.34637240659507,male,181.1620879716744,38
76.38461891929185,male,140.2069609565032,61
63.8909583321863,female,122.5499609234705,40
70.61063951783667,male,158.301393965665,36
88.2922211103758,male,173.0157939258563,57
61.01574276599597,female,123.3855263002512,30
68.76672625887471,female,153.8720300696369,45
84.89248572405812,male,159.2890624936149,53
55.15776958275962,female,100.7621452261826,40
90.7122862225585,male,175.9222902773726,37
70.82937804562243,male,125.1026930676277,38
66.15730643091803,male,127.1228690283303,57
72.6115371008299,female,162.6767011480527,47
48.60825440102974,female,85.31472755159706,36
69.33623673302284,male,144.0078244174615,52
69.90644034822982,male,144.1275251555192,35
86.58274123288379,male,153.1342429441392,42
75.88327998170256,female,148.9200199094361,47
89.0998603923727,male,182.6706208928019,41
65.77315760256722,female,120.0654574533729,29
55.1928137702585,male,99.79379167986082,28
88.1324291128177,male,185.0950599877107,41
91.76155481876822,male,181.6211390676701,47
51.71097771600212,female,104.0415838413742,33
73.41633323727818,male,146.5830724058808,34
92.08180862448113,male,171.798284906792,25
69.30059427763493,male,132.4643833956466,57
59.15385223654587,female,108.8603498638988,29
71.99747223499523,female,127.7564574686262,44
76.93291560120427,male,149.1355917900649,32
47.76056634491073,female,102.1362191286919,53
80.35516269939465,male,144.2324010846955,48
83.41320457177834,female,159.2387695087803,36
49.06233816912831,female,100.5706771728752,30
79.26594281715148,male,171.3060214912397,45
92.28809250544376,male,187.6446259514658,51
82.20883901167106,male,161.6103871817879,39
73.1676311193983,male,162.6011908054829,37
75.60663766715267,male,164.8641421854481,26
74.43634495916274,male,164.0099445629267,42
57.28418977254423,male,126.5767846501237,60
53.03931416996852,female,95.32770548739636,23
68.0106013186073,female,126.3017663789364,34
72.67578546950824,male,160.4433627958973,50
76.72235042504262,male,169.3423777145407,48
62.32788084657382,female,137.2383207375251,32
68.91760456817745,male,132.5410685788521,43
59.74455322532823,male,126.8805679495673,22
71.7618324643359,male,138.9757950563074,43
64.66680501590807,female,138.647800083773,34
46.23542338697369,female,93.95451730810838,59
76.85067134393661,female,167.0468619435692,37
77.02805576590012,male,138.1962648550497,37
99.52326322492992,male,183.8348812266453,53
60.37833394525548,female,116.5471747398283,39
72.60009418849957,female,134.8354889626521,32
68.73450275441449,male,137.023443797554,38
80.15965399640683,male,166.4154657809163,65
60.47082115456087,male,118.1855381748244,52
52.69229446245856,female,108.8012916642242,39
58.57905994791317,female,123.2190692862051,49
66.99013263947755,female,134.344480141198,36
80.99748016976154,male,156.3887185086744,19
53.6248843174259,female,107.6434446676393,48
72.68601692569132,male,141.4308719452477,37
69.71633095855715,female,136.5613429399014,36
71.38607367161185,female,158.0506803198536,25
63.26106334206214,female,137.823933462074,42
83.35978352017638,male,169.628148174721,49
72.50596892297901,male,160.5223686719675,40
48.80014263502374,female,89.27433383072142,36
60.37065802686401,female,135.2190648812238,32
65.8401011113538,female,132.4097405757082,52
70.0307425705381,male,144.8562369939475,44
71.69969983114643,male,140.2899574623772,29
69.02098686368485,male,150.7622058772904,40
63.46998046203575,female,132.0045248042938,30
78.72897937060279,male,139.4819563708751,32
69.67794740288652,male,155.1195980162834,51
61.97164599929041,female,111.3010920385934,59
62.09898518954135,female,137.8392717886531,41
68.08890861871737,female,144.5415520934367,37
75.61784048446427,male,133.2629896831437,36
35.72557631787564,female,69.26536399405485,29
68.01628658174991,female,138.3917581917893,36
58.2385474384383,female,120.1283774441804,38
78.0124258247289,male,167.5766839218112,51
61.44604038170304,female,113.2820979001228,51
64.44327045555825,female,125.8890784500991,18
50.53245456302901,female,94.20335470004645,37
60.19152923553946,female,111.681903503918,54
51.64808552676235,female,96.39732085263392,51
54.59686500244076,female,122.5797265637286,46
79.11683575348187,male,156.2820160761907,38
66.86736965736837,female,141.3424225357996,36
87.39557972466758,male,157.8469344312091,37
70.31126345116805,male,131.2586888546141,47
61.89543865006134,female,130.0770676717495,52
45.66612827120205,female,93.43070283418332,42
81.52350911327592,male,145.0336583142455,36
68.77971147385172,male,134.3742296759906,37
54.13546660022212,female,103.4769997879608,35
105.1205662403184,male,190.7942101691588,35
59.30316896303302,female,121.0160183207508,53
66.54197606409808,male,140.3014175721094,31
59.2479002453315,female,107.2557877140762,48
60.08252402152392,female,113.9549355570541,25
72.12023664008763,male,139.354526716199,44
76.58059230275478,female,154.9959853105852,37
43.74959023920147,female,76.62169780038036,36
57.83861468484326,female,106.9360319116067,56
47.68745912433552,female,97.90560603512168,51
96.05268077617444,male,211.9719722513097,46
62.10459730152669,female,122.3705890860668,30
70.57826808475768,female,134.3751119331612,38
54.39021631636748,male,105.0340668439716,42
74.52992280156113,male,142.1448566872328,27
87.22863374725279,male,193.0495228832715,12
60.01944998968113,female,127.7132139483631,44
52.11216221438256,female,107.841077743047,44
56.62887997209534,female,116.5715442855907,41
58.20387468062228,female,110.2311740681793,40
50.97587944367027,female,104.6890610029368,50
58.18057708598117,female,116.3666991569274,39
40.19920048134793,female,80.9159109382715,43
74.8728598768752,male,135.4266508366327,41
81.19184997902595,male,148.8281959734847,44
48.95458749389226,female,108.0165056775669,50
59.24110097540993,female,126.531192740552,54
65.17718739848975,male,114.3743073220142,34
85.4469210037135,male,167.274454924626,35
50.29823246714464,female,95.1744925275164,43
74.18521589901943,male,164.1410728285633,52
65.24861331121774,female,124.4520527852288,53
82.53722761848482,male,161.5049708200899,35
82.68422800539193,male,166.3446832947239,36
79.4285272526928,male,169.5435695342951,38
89.59562137910224,male,175.3075869130656,31
63.45589755551653,female,139.8534233618145,34
84.05401028384205,male,161.9538713307563,38
61.93227872508955,male,116.3495572014994,28
80.54578469327589,male,176.0387833902747,53
67.72344866685188,female,150.741901072196,34
55.14989511760011,female,116.0972340766218,38
77.27422268755682,male,156.6557839124593,37
79.40158634377649,male,175.6205460688554,46
94.99863803277634,male,181.1478690567511,37
63.40932368501289,female,132.1999880828002,46
70.06991259508803,female,123.1798934110645,45
64.66819621592592,female,143.6378980096155,35
75.85948129872241,female,149.5526919237652,53
77.61761747039773,male,149.4659185048145,52
84.22585211505022,male,151.7536851560708,64
92.00556663045124,male,173.757256505146,48
46.8236527232179,female,84.755666385468,28
75.16996113564943,male,133.0462512510348,35
68.93504835879929,male,148.2256164646768,56
79.84547964654813,male,172.6767817369428,21
64.8529842543524,female,119.9418723178639,49
74.91258903516383,male,167.5822262431622,49
82.33933947443482,male,157.8988025862151,33
77.83937678818238,male,156.3721918860393,34
61.5609302622337,female,135.2578969852985,35
56.98806083129632,female,103.5696899804667,52
65.78922487021264,female,135.5492726380348,46
99.23309484387052,male,210.579564300352,44
42.56158811939977,female,82.17328648591521,40
62.64212880056142,female,136.802785335415,39
65.45420464158204,male,146.7415506159742,44
66.21603872421882,male,122.9872768792013,38
77.12157392746919,female,154.0740853186121,50
73.25635366918047,female,144.4955016744143,34
78.17245397252536,male,173.5158646721334,47
90.32253179321349,male,183.392241772672,39
83.0615919591183,male,159.028926090257,54
59.98957085720738,female,109.5092298383394,34
59.62550083026729,female,104.5835281642038,43
73.22424601962496,female,138.9290967026752,50
60.24523766682381,female,133.1367942689511,38
72.50230246620197,male,160.2834872394233,46
103.7639123667074,male,226.5686233583511,49
87.58728548724991,male,180.2817989587135,35
78.94754281373052,male,167.0910271211868,49
88.58532941020503,male,182.9930411196589,42
81.19034186730879,female,151.1728348453533,30
38.351032927906,female,81.24035004858297,21
86.62368035502436,male,190.6117375441551,36
53.23749889104749,female,100.6638430246795,47
72.44567428755622,female,135.3109331583591,30
68.99697682946083,female,131.173752719247,38
89.30445021732588,male,189.935478518252,51
77.36845327790087,male,147.0325866016483,40
73.61136062468361,male,161.2813396946794,42
47.23375984933632,female,83.17865995407107,48
90.23409120751307,male,162.1951608774323,53
71.94634647940673,female,131.2274902692999,49
67.89337298450525,male,134.5945822332789,31
84.06761105802155,male,167.9766131506277,46
59.68913351406046,female,116.8839877608514,38
57.55389740315074,female,115.3395977498092,50
59.40421666744592,female,121.0881811918318,39
84.57921149987274,male,164.9943129117841,45
72.18488299397119,male,143.942090086357,30
71.18666442654414,male,137.9545379795663,47
92.76610439493744,male,179.663031925037,42
78.25826022890145,male,145.5034580146098,56
85.61028546790091,male,178.8959598096757,47
89.50103497330548,male,184.2853330941726,34
91.38273784385392,male,186.0857544044598,58
73.36674877342799,male,140.4342896851612,32
87.31976977754856,male,188.2994450526267,37
73.39055058505933,female,128.9396678747774,33
52.22424992306177,female,115.5842604814109,36
70.5995695290714,male,130.7359442504724,28
69.08840326352332,female,131.8891959410121,53
80.82317123202837,male,178.4477984988482,57
93.0186290098439,male,183.2690472744384,43
70.04537263017207,female,155.7088222456749,54
54.30866530055393,female,118.480763774741,42
87.32649695778018,male,190.2155401509328,35
50.99678053352811,female,99.4283793795782,29
66.34366503260617,female,147.6387965370233,36
47.31502570756852,female,95.05126674022966,24
91.33462494669848,male,184.5835631854438,43
57.21948172843467,female,121.6819353680111,40
62.12892566046931,female,128.0038575947833,41
64.13198448155724,female,113.8156419429507,40
77.1193208214921,female,148.8165053107544,51
81.65508703030062,male,159.3586897846105,43
73.58569512937451,male,130.4575020186508,35
61.41651869316339,female,120.8235647830287,40
50.87306439160647,female,97.71024668080662,41
79.92971160671908,male,171.7081698022912,39
60.16517120401426,female,115.873326133026,48
82.882678834719,male,146.7382228407254,38
73.25321401118161,male,140.5869990388696,39
75.16555465747994,male,154.1748042710711,43
89.56845964715485,female,186.3506326134042,46
94.97266002749852,male,210.4966410650112,32
71.80422731263016,male,151.4798427219198,54
85.96425982299387,male,153.1892783184041,28
56.58787974049054,female,109.0059240640212,41
81.47605335639052,male,167.7391896047879,39
72.68633282256145,female,154.385772693791,32
77.96360764921819,female,142.4068356055417,43
73.53213469860927,female,130.5981408461689,41
55.58093122778131,female,110.45684126725,49
52.31456132904349,female,97.59405148545147,41
49.50843679077063,female,90.16695977317976,44
63.31904934907564,female,115.8075503688532,33
70.67681804894734,female,144.3778241984365,39
76.86666177279571,male,168.0455391274335,29
82.25786765024188,male,170.019836745822,46
75.78339558986416,male,134.7635402743708,40
73.81414388517875,female,150.9068552932108,32
87.50287421146304,male,183.2670760247464,38
44.07832883017277,female,93.81696960870376,24
105.2346105405396,male,192.0747955927765,48
91.92444920483304,male,167.6407717904008,34
82.41056690647201,male,166.2228435368373,47
63.06900070345143,female,133.7020369262839,39
68.909204947475,male,143.8245364225523,32
80.35146473291066,male,150.3280301317255,31
82.59521604398648,male,172.2861094886609,57
51.98819276030119,female,93.94648071870569,32
63.87674648512016,female,115.6710483218201,54
87.40388117818027,male,172.3538779958992,35
70.17584940687652,male,140.5316558912203,42
72.65522095477107,male,137.2552454154948,55
33.90889932733723,female,75.19392157145224,36
52.11586320267233,female,108.2508671165086,33
58.01114191660047,female,128.9108884533212,65
55.94832994295314,female,125.4336012793722,36
50.13785165867729,female,111.9489414730592,36
63.15097573611285,male,127.0113200774864,47
60.38301131356751,female,111.6284899063657,42
70.5806426384193,male,125.345882249402,55
81.13324625466603,male,170.1127674148314,26
70.9685893320758,female,132.4187631680913,37
70.42757072304273,male,144.8044900993274,27
69.92414988322511,male,134.3860957686283,38
78.28777607680583,male,165.2483134089053,39
76.59802403305346,male,153.5958700280371,47
90.84282417012624,male,178.0868012206531,38
62.599163069993,female,122.0978248154863,48
47.81404594237462,female,102.6463661054102,36
48.42032878898426,female,101.9516813090535,21
52.4645270877574,female,99.14684790934687,42
60.46461978960511,female,116.1768709288329,28
84.98248192319065,male,166.7503724658437,41
71.63296361815618,female,139.2207409017054,51
91.59061655934762,male,161.1284608442846,33
71.6916806043649,male,152.1177340485718,40
36.20363250612216,female,66.47314314156787,35
69.82949493184985,female,131.6541603354312,42
91.95839794490836,male,177.3433574553558,52
56.75330834391796,female,111.8871766635778,27
99.07357066490852,male,177.8669211767406,26
54.24690762635178,female,118.9488449613524,33
71.22953542910707,male,139.4817279921437,45
76.57379819068242,male,160.3656965384847,51
74.73543427620203,male,148.6485934771031,39
88.66807911932278,male,198.4541114195206,46
87.10991149456585,male,194.6549740285988,27
87.35357541631785,male,193.5746251311097,60
74.81348065633344,male,145.884166741238,43
71.68593560654051,male,128.9437368065142,33
43.9010160282965,female,86.40062281183498,51
96.1013126463597,male,179.7966876464072,45
60.60185782315854,female,122.2982061835789,38
69.38904627974534,female,139.7845688702944,33
79.18195076147704,male,158.8508521272942,64
96.78461197480436,male,170.5651723317368,49
79.15003355220213,male,164.9844284380493,37
68.93988242052629,male,154.769130378152,58
78.7480088418327,female,163.0171833612998,44
97.14964547140336,male,199.6249846551239,36
56.49969585624704,female,112.5226696693118,41
47.52938961736152,female,103.796608144228,49
63.96168188740958,female,135.6268054580762,39
40.23542030645294,female,74.31202144530445,23
59.70539766444215,female,113.4445369485548,34
87.77302119186436,male,173.4015232491429,30
53.92559152726098,male,103.6648215909245,37
72.8650583161708,female,151.187290283423,42
74.62781596031323,male,136.5196421840368,36
87.90187576245702,male,187.5870960974248,40
95.31267933214254,male,168.9942416537825,35
77.52995541627477,male,145.8148640423382,44
57.31412129573442,female,102.862943644056,32
82.91128331755458,male,168.1696428682796,51
67.19160365499238,male,144.8904038363926,47
79.52118692872374,male,162.6820946587831,35
92.4234927031586,male,204.3339170330047,41
65.42667313030849,male,131.4136371516087,37
89.15378378313504,male,192.2706376991021,27
60.92785066597555,female,130.9200902990625,42
28.71851445055849,female,55.31141743406936,47
97.41843726784629,male,210.172177740598,58
85.45159271338107,male,155.7963750653246,35
72.85547261358788,male,160.8493971054997,37
70.42723214644519,male,131.1479561463346,44
86.59715234707255,male,154.5425581700431,35
50.6266496661178,female,107.6091103458917,31
55.77607848692906,female,98.61989450353336,36
91.56606076242689,male,167.534638494393,74
71.19339873314152,female,143.0078643276946,40
51.20654848316187,female,94.12358944130014,37
48.28116679233517,female,95.61544526774748,51
64.42146751570525,female,133.0215045237812,40
52.34177750005121,female,101.3729194261386,25
84.1716742293311,male,175.5639320545675,24
56.91426313921785,female,110.6761553810396,39
63.56694834953817,male,126.3303983841046,59
71.18862054972683,female,141.0300653908138,41
74.25147043480526,male,166.0495043754629,33
70.16731916514132,female,141.1855630662952,59
58.75513155108867,female,131.3319766122865,34
80.03784163632378,male,149.7941766107399,50
86.05338182786284,male,175.9227337403383,48
81.39193870468925,male,149.2958784993164,34
54.022649417341,female,98.79584144142012,52
60.8728521167756,female,121.5076572985978,54
84.94964703585084,male,174.1704026693719,48
54.92289259016265,female,118.0744170790948,41
73.18232151984854,male,148.7320929248652,42
79.15960758781978,female,144.5087836376588,32
57.24040031259471,female,106.2868506903994,35
86.59192929609773,male,190.3187679233958,35
57.95420168512038,female,107.4367051658522,28
72.42430328255261,male,160.8051013036319,29
50.36430485536949,male,99.84210419158472,35
70.81395979820496,female,126.8671146310454,46
53.7325611539685,female,112.252217162899,41
73.22938355334443,female,137.0873939990913,39
63.59710010458273,male,115.5439812039902,46
52.6280363024505,female,94.80057497387766,45
81.33466677819732,male,142.5488762030471,41
68.56119760478092,female,150.5163254265183,54
64.56125417313136,female,142.2856370496157,37
67.5939287167671,male,119.5255554798592,46
50.42082534365461,female,94.3014878427536,33
48.56352215164794,female,108.3629186728897,46
77.68237093725854,female,142.0087769995206,39
57.48274672822707,female,110.1553362444848,36
51.98507519775494,female,108.2681396042561,21
87.25585362451923,male,160.7451647693898,37
86.50651667336199,male,155.6315156012638,44
47.95568507540989,female,103.8000703070795,42
52.15536247593329,female,106.505469854419,45
65.48610616278752,male,126.0544488213338,27
86.72824140059801,male,165.849992740244,44
85.90819483296822,male,162.623161214886,42
65.47041169685981,female,132.7685409200345,37
59.21126054524216,female,117.0811383896023,44
55.09553087014763,female,115.1131352589009,57
65.3933001840277,male,144.9376799115911,35
61.77166329237116,female,121.5005502679376,51
90.3059315756844,male,195.0132721735112,40
56.02558143279936,female,122.9548756814227,44
60.40365954195374,female,135.4872417448244,20
55.08425770426305,female,109.5884159459966,42
66.50957244958126,male,138.749168917829,62
97.14460502505176,male,201.0907563795264,70
75.79956232898525,female,160.2654660212598,36
75.52625174269852,male,166.2763228109743,41
71.29687883471321,female,128.1047210728304,59
52.22095381531641,female,112.9463056429549,59
88.51460070703331,male,171.5541164197781,39
79.54898184637567,male,176.9619833157876,26
73.87637012665914,male,133.4415037048871,60
57.1286073551953,female,126.6974960928355,51
67.29255671045632,male,131.243954640932,45
83.55336434425192,male,171.2500626058111,46
62.20243566006931,male,123.8614532684527,39
46.39191151130328,female,101.0743199278365,51
59.41549473697039,female,108.4827107492138,40
84.01608824896215,male,151.3620351605351,31
76.1939028877193,male,144.7323553076014,37
69.2384080833679,male,131.2764046966848,31
59.47096723312934,female,116.1586510883946,21
92.54975928014868,male,178.394628441682,52
43.14803850168851,female,76.12607095472787,39
63.31249938785616,female,112.5463427402122,41
79.06306560387883,male,147.7208226759815,43
73.84905061948157,female,136.2432106367582,26
64.07864279586606,male,133.6878681994269,45
75.15177535041838,female,143.8705046229155,46
73.6407629859114,female,142.6093076214572,37
73.76379561647404,female,136.017503578258,40
48.59285003142509,female,97.39094787908992,44
76.80327588274889,male,158.8677620678529,15
68.8764245828216,male,145.7089805139092,67
98.29873633341543,male,173.5852747408557,29
77.73145637812121,male,156.4048559742404,46
51.29193257470124,female,102.5846555308789,34
63.20930589976427,male,113.988903387576,50
77.12666517277518,male,167.0051258382451,51
77.26224351265643,female,145.0359928496974,28
82.50453995960558,male,175.8062250113386,41
65.13995897720467,female,115.7694467891128,41
69.14322363608133,female,135.1973292840814,32
63.75001314361526,female,128.79048810153,29
56.25795724394255,female,111.6918143464756,51
55.47271738288366,female,113.2792703702701,47
90.29183075298312,male,169.523299531288,61
66.88175387567048,male,132.400749631425,21
58.96855020388678,female,110.7199351063309,31
73.97853501421415,male,137.9279880026443,25
89.40963083653844,male,185.2077752275326,33
62.73554278182923,female,135.1076208246772,44
82.6746392333902,female,168.5771519923687,53
87.54785170239589,male,174.5419877613816,31
65.09339057344528,male,138.0427542409563,48
78.89257738292602,male,162.5369200283236,44
83.1274896994639,male,172.1451846732764,26
60.63525257068716,female,132.2018665078417,35
85.17162706324979,male,191.0194589322979,32
86.88113943992583,male,183.9210044050375,42
73.2928780259171,male,163.8942221234835,30
71.59086540312242,female,159.4291067123873,38
67.9642787375369,female,130.5671888339021,51
83.00184364932113,female,176.1551931749714,43
54.49104735454952,female,115.7161502319449,52
79.65291402193087,male,145.963929631441,35
62.77824222646672,female,114.6221797383721,57
83.82052390768851,male,147.2743403317951,41
85.72262747324092,male,150.4771851943065,33
84.18612038829124,male,174.7767381620333,39
83.02471957675836,male,158.4056052925724,43
66.4843263986204,female,117.851970200144,38
45.70056237970862,female,83.83845787265423,27
85.65004341506706,male,178.0735957384151,24
76.1331996365728,female,134.3306713904672,43
69.49631256028778,male,122.8586320236347,52
64.58663569504454,female,125.233483267782,33
87.40471067653316,male,154.7588930801083,42
83.86885560639081,male,182.3285387803002,32
65.57101045713767,female,144.1774509670549,46
60.7073078294242,female,119.2125473085848,38
79.87833169711155,male,150.6175420987348,43
71.48284784045806,female,144.4723875189749,42
91.6065814092892,male,203.5920449599755,23
82.23300089289869,male,167.8674998874456,26
83.89866608707739,male,156.7239972324201,29
81.88629915899293,male,173.6771658437179,26
57.14376399715722,male,117.1114877913194,43
60.86552208956545,female,109.2744804758323,28
55.87105744372363,female,116.7595949094034,50
48.65091697811554,female,97.13544072561474,48
94.0926041939506,male,210.2585663769418,20
59.0969350082779,female,111.9097882330518,37
86.24347360392194,male,181.073260296117,36
74.7114601113335,male,166.2346508535331,52
85.84561936594389,male,187.5763311305791,45
73.06396055777068,female,149.4471693823982,54
53.98636860197252,female,113.1160769177542,48
72.92932391926608,male,151.2339951433394,39
45.59503442139633,female,89.4309934984336,26
83.61028691865066,male,152.9703328441635,42
81.5466152275492,male,145.7501358710276,45
64.20083554926134,female,144.266317168874,43
58.97079921601542,female,109.8834505644188,37
95.0822375456509,male,193.2531347773678,51
82.14470815076243,male,171.8916023577943,54
80.64345717914854,male,181.2755970550639,53
81.1620847273616,male,173.9348975278605,24
67.16348174424948,female,137.8327417332792,43
78.15779369723073,male,162.0400156928797,41
97.5262770971106,male,201.8358172182389,35
64.22706249183443,male,135.7089228075833,26
75.26881966666032,male,133.3662800284098,23
79.71680176547719,male,158.3412615493622,46
60.32700053866412,male,112.4731005527698,27
56.47045629892499,female,106.1848979191815,38
54.48127010869702,female,122.0046879962071,14
84.0677913760323,male,182.5187254597127,43
53.32499037027985,female,119.9502182832094,48
84.89055648264926,male,172.9509315541776,52
63.47724283949528,female,113.5347711242016,33
60.30355806145831,female,114.2216087782573,35
67.87500600851422,female,136.6318488228571,22
85.7411873271421,male,155.4812533369235,43
59.87118348158306,female,112.2752661983118,31
61.73051585913217,female,117.0096241829227,24
58.92681739453879,male,131.1653011654753,30
74.67428045973314,male,140.3899856953299,39
60.23556936917945,female,116.1648465473313,38
56.92353198940118,female,118.4306511710737,49
60.32118476040632,female,135.5491012794466,36
72.10701521660772,male,129.7563635207415,41
78.2024051114825,male,173.4335006065547,30
72.49255097539309,female,158.5278262229997,43
77.93510864100733,male,147.3549638498793,43
105.1071516186438,male,200.1193994236752,48
68.34895490085162,female,144.3057321682953,47
70.01148947993771,female,152.9466325367342,25
93.5023460347457,male,164.2026547564884,61
87.79462513561928,male,174.6265100598692,30
76.32207032599777,male,141.8683424148367,52
70.76004243160119,male,141.8364279116641,36
75.923145950349,male,168.6279211266973,21
59.76610026191109,female,115.954155851935,45
77.85178260315014,male,150.4706257768959,38
79.8929202368715,male,168.7541875000929,55
40.10722338916742,female,70.87309581350989,42
41.43056690242518,female,76.79177538036772,37
45.95975965775509,female,86.45678505637693,44
52.50978714129914,female,104.6353198456119,34
47.19213658763934,female,101.109636025471,38
59.36926847558659,female,132.1778145797568,39
83.98797510541817,male,148.6838620625937,49
65.45660999875007,female,117.4788574780605,39
67.63370639652669,female,150.0111669680042,29
70.3685239526989,male,153.9838045159712,51
63.73337135721432,female,134.6712809928711,36
90.58307210090268,male,185.3153794637123,51
65.05183475100769,female,117.9071912056839,50
68.16451602578647,male,148.8822250788044,55
54.63439296850606,female,113.1954822107853,52
63.69118631713928,female,127.8412769274313,26
70.51238434434275,male,142.7791249542466,47
93.87158700222938,male,189.1504008152418,24
69.55647369250406,male,133.4502824678509,44
53.35949755574284,female,116.3989733391893,53
65.1987688471701,female,145.6339494765211,36
82.35162325477798,female,172.7371246791373,20
71.15209809937014,female,128.9612326329105,49
80.90027193131033,male,160.2860183872151,51
70.57166918833825,male,131.2872882727189,48
78.08080621116297,male,165.1997015885506,55
68.45709848934291,male,123.02106252947,44
82.7837037792844,male,185.0808104992375,28
92.49140821855843,male,166.3398310743427,45
90.97435135142246,male,179.2105943781538,38
52.00722930843789,female,105.9983681578505,38
48.88085649489042,female,98.72547322742284,42
87.77681792431778,male,171.4145310291967,46
66.87091442531869,male,139.2103686622237,37
81.27076609448207,female,176.3786872050808,42
91.17305359738006,male,177.585478875802,52
69.48469356516664,female,131.0321602684993,31
70.08869093431842,male,135.678369116205,25
58.27114996888095,female,118.2982592367142,50
55.01621033969568,female,121.4728166511785,32
77.52618209522348,male,157.6963458976181,33
67.68094898166837,male,137.0469574466101,36
48.87649500215867,female,98.10927080884176,38
54.66275895035919,female,103.5265137832032,28
68.1344622200191,female,151.076566933712,24
80.94924856257406,male,162.6899878770331,34
77.54249600598504,male,156.086446211955,34
83.16967395249598,male,174.5118819534368,36
56.1789884614568,female,114.1179360049005,38
53.98948156551418,female,110.7586056516555,73
90.75795434179138,male,169.2183083878851,29
83.21528163455525,male,149.2847351490205,48
46.95551999213458,female,98.83308960966232,35
60.1826154935511,male,112.3195413826274,47
67.62028082168538,female,126.9632082970664,22
64.77012435273986,male,123.6551821341906,39
46.36140393066512,female,95.52985029644944,38
55.40004787075098,female,111.5066589675149,36
86.40887401957973,male,173.7903939462972,47
96.38875567170298,male,169.6617101448403,44
85.30746465893498,male,150.5029085062243,40
83.81898383154706,male,160.8242513634372,39
82.08713515083404,male,170.2129357924751,38
78.87248824248705,male,153.351467035754,38
82.47664481867787,male,151.9296979048598,47
61.72479526381989,female,126.6410564966338,49
70.5358149421071,female,146.2987954000801,41
72.63239373693766,female,154.7173875709288,49
85.0044627149769,male,172.9629057482447,42
88.83657328636596,male,170.6861263297874,57
55.61173688693522,male,101.0704139904916,45
72.2554922810691,male,135.3320403611495,31
78.74679382967498,male,156.2677614016138,54
79.9370533746265,male,148.3223371938458,40
81.37371135833362,male,153.2394215806499,42
77.38046646855945,male,138.9993678086089,30
73.14436449392758,female,144.9505575951389,45
48.1550538171613,female,94.5540548079507,32
73.8707144087643,male,162.9173569217972,44
92.26137939325407,male,176.2240842816722,48
58.69918605007158,female,123.1917726361378,54
87.30289667243461,male,162.5094824287495,56
70.94405772369282,male,129.4893964743565,43
62.25825142788057,female,117.2822124000372,23
76.77501122222735,male,140.1701584532507,46
85.61310164146984,male,176.6779188784881,52
89.22687849727858,male,190.0733242772438,50
58.29495075365687,female,122.075224173215,31
84.30262755942238,male,159.0124585828727,37
63.69275287353291,female,116.4576201235903,33
51.93963056910774,female,100.5372435769685,59
78.50284566863856,male,174.8700985606811,34
70.12513081175196,female,127.7639242441588,36
68.66314642677001,male,143.2381477758853,49
62.31385142259117,male,113.0687108839182,40
47.80936196970647,female,86.66455591657977,32
65.88101292281985,female,129.8951244443339,56
79.68890112246625,male,163.5845723688425,19
69.48547511983763,male,146.1793637209269,43
59.40416452553708,female,118.932068140226,31
36.37206960814277,female,74.811526986136,38
91.4585327544499,male,194.2447627991758,35
67.04879372022815,male,146.7079687170835,25
47.81618540552095,female,96.40960054579344,60
69.66624455711386,male,156.2520535543272,47
57.2263165695004,female,106.6856424694272,40
79.82115075452583,male,141.2079054402253,41
77.56670082479697,female,137.8239406031958,44
52.76241151810004,female,92.8320903104014,51
59.75291978184733,female,116.0536822860745,38
85.0161592308266,male,175.9881337141334,53
47.10053060553375,female,90.76498627704642,33
56.39112912205589,female,102.0505375293707,54
78.24706819212886,male,159.7041729458035,33
93.44865312157302,male,185.8566014506362,46
80.11407311143083,male,143.9130191177041,43
46.89969913323893,female,103.2440413485745,32
61.24290165763676,female,131.675927245255,36
78.80299371286668,male,172.5261113393739,35
81.33599332741267,male,169.1329662972285,47
109.407591626074,male,211.8521087433022,39
85.40162515451091,male,174.1544437566764,62
83.14229780741252,male,171.572159802761,39
76.60843529567657,male,156.9986294394272,56
81.38477559615724,male,161.670916765006,41
93.0640341556591,male,209.2108682647577,50
96.6021712722188,male,203.6026024403253,30
44.23683104646523,female,84.22514830099503,34
53.61219724929978,female,95.79578239012062,44
62.16647707652324,female,117.1229606613469,46
61.62556852254723,female,135.3522601525887,30
87.05331451586312,male,165.1393341779257,43
83.30048194157142,male,166.0533972703344,37
53.99947634261652,female,120.7431126046119,29
77.76204901289036,male,144.8291324637175,46
53.48010761632904,female,111.0866063153229,42
84.37541115540093,male,152.1416536974054,35
90.31264131327998,male,189.9412854733918,21
57.723921139453,female,109.6886633512871,35
71.05280359226003,female,157.991285987125,35
76.7523577428908,male,157.5056203200776,52
60.98364893602445,female,129.9522756310054,33
83.48957470981597,male,155.4023318800423,42
85.95329346224662,male,160.4985771545403,52
76.38979178932954,female,144.0418172513017,46
80.46118619328672,male,165.2172408967859,27
77.36815936650478,male,173.2720905944728,33
104.2831382073855,male,230.3704681455493,41
75.04159301125904,male,153.8370773649185,32
41.37473879865449,female,88.49217468432533,33
78.82556778272657,male,162.1659599185618,39
54.2994542165896,female,100.3472264486508,52
84.52935584384562,male,158.2938743678525,32
82.59346479842922,male,159.2216176388309,29
86.34787401782698,male,171.2226615347712,43
79.39981067222156,male,165.1334504211322,29
94.3892891424878,male,171.8836861997004,16
67.46111046602313,female,143.797114900888,45
91.20927967843112,male,181.0886267906676,46
92.3475181113411,male,167.3941627087854,58
71.12778689671485,female,147.6423860306464,45
69.20128347389054,male,136.2834081741846,48
86.16698298676776,male,182.9901918988626,22
96.09867358617169,male,210.7061995944285,37
48.07207036894638,female,85.5291034876483,55
36.42029533788396,female,65.51652861273307,35
63.96331528289419,female,119.8119635492646,24
67.84733371564488,female,123.0967653550947,23
67.01362885229594,male,123.9199165500354,26
96.7724716832404,male,197.9140058526816,44
55.60789668945912,female,98.89056904369956,45
57.25319263608044,female,103.7217684860637,27
74.24118013366933,female,132.6306809631231,54
89.51769470867369,male,197.4354975439755,42
92.61286469600232,male,200.710686690679,33
86.79979402458447,male,159.1213284170279,23
55.6465470219627,female,124.4843083221724,35
51.0600578350513,female,98.09462410848391,43
88.0194371126322,male,178.052501074744,55
46.91127967579526,female,87.0195947984211,23
68.75208774592927,female,143.1709122815012,41
80.58878907120413,male,151.9403015165713,51
83.90317402109343,male,174.9063426334459,61
78.77595702042187,male,157.0661859667583,40
85.0470141152778,male,153.7902807106448,54
49.73279191943639,female,103.3527015664108,35
84.94129117116404,male,159.747573983156,51
68.1350500287919,female,146.0975049412336,46
60.66289116840929,female,111.5387478263509,38
76.4629825457231,female,152.0998096480847,26
85.56816633445295,male,189.6953348021144,44
78.57202295599281,male,137.5802490209449,41
63.51082257776064,female,113.0085659805348,54
84.73510900396775,male,176.8925354857856,38
72.04333510051198,female,131.2592185851,36
79.89612024930265,male,147.475380414064,29
55.54048539302498,female,116.4250418817651,49
68.79121628451217,male,144.3609855743466,19
74.1337943671504,male,155.1399996482499,44
54.08420741804544,female,105.1365538699708,36
50.56597807251126,female,100.4968566760501,36
48.54400367735028,female,103.9973246320631,41
44.85398172528077,female,100.5315724336986,31
62.89018437434478,female,135.2012997745922,36
63.46572116573624,female,130.6317606323839,36
52.77182365079761,female,105.7433713347195,53
89.48656271022577,male,159.9035601709979,51
92.52734181562283,male,197.3937883480456,27
63.42179252403156,male,131.4595289126066,52
93.63634881639372,male,208.1305182611596,22
78.21242796121079,male,141.6025682554595,43
52.39454862572223,female,115.5320037283663,39
49.44897762271705,female,87.39046422922598,35
59.69528215681159,female,111.1711389346309,49
52.35170468590275,female,110.479708907599,53
46.99601650396234,female,104.61150248486,31
92.35138545109676,male,162.9402688815782,29
61.04248396333973,female,124.2668309993151,43
80.85266061913117,male,142.8175298739265,34
52.46914807320301,female,92.2738231068317,45
62.20702984209591,female,119.8270009048473,38
77.48041776635301,male,142.8354774046138,39
36.99311344899847,female,75.61102042672266,44
67.45184341787426,male,145.5954284514857,59
71.10476649470493,female,134.090146849061,22
70.98670859479424,male,148.6810455860302,21
84.28512372992978,male,162.2935208296888,39
62.14840775264977,female,131.7334070027802,35
71.41547160298965,female,137.68687459426,32
97.07253046940036,male,204.0406814780193,33
62.89396172592474,female,111.9006639014636,41
82.92018140543867,male,155.2724971652237,40
74.48213609442779,male,149.047289963056,16
74.11139826678676,male,152.4414459018679,60
59.47447758772546,female,120.6469285932292,32
70.3676810915684,female,150.9921234295994,40
52.287394079598,female,95.51909248591836,28
75.16340965864656,female,152.0287429463784,33
110.1827843436747,male,236.7837598114484,45
75.3150786439549,male,133.5406953188586,29
63.3310392742113,female,121.4128831637692,32
79.06720435259925,male,168.7239622235625,35
63.2564006676654,female,136.3425819189371,48
75.75536846013655,male,147.4346749697345,42
49.49706380980142,female,99.1458071164602,49
73.04879681029634,male,134.5575161438383,61
86.40504443831696,male,179.9649477217523,56
81.58188319466551,male,151.0677173811375,34
79.36398487985409,male,168.3341971331717,57
70.27928813414046,female,142.6666827453972,32
67.41949820032272,female,140.4924282407692,31
79.67938254557478,male,174.2544829543352,55
87.39634234477224,male,176.1723308608511,44
40.89447307276068,female,78.79063779203123,40
75.51842854152018,male,140.6527857700212,43
68.32329421559666,male,143.0065099667842,34
94.98478440982166,male,205.9614049555619,36
73.4991465488746,female,136.7255536490169,37
70.67218489942283,male,137.2651197912363,56
84.80252704140484,male,153.2408203700691,50
100.9873712898838,male,186.447466045002,30
74.25271310937602,female,161.4129250158429,34
71.70085011707663,male,147.4168714530988,54
43.26968324623162,female,81.34803292329786,41
57.01634649796049,female,102.0339531015234,36
85.53133215738022,male,162.8596015927453,31
53.66516000238791,female,103.789000879506,42
76.87134581026135,male,145.9603300629611,43
83.21404726359091,male,152.2937194868722,42
63.72223195290395,male,139.3681218042118,53
87.97611418799237,male,190.9512523209427,53
82.8352172047349,female,174.5188398420929,22
80.18084292069263,male,141.1786818986417,36
73.50199103203411,female,154.2278607682308,55
50.68818410004718,female,91.34178610385987,31
89.94392625885936,male,201.9161321073393,41
71.3134734754692,female,144.612944559671,29
78.1856963082218,male,166.342256325609,32
84.76294078315253,male,169.1385063218217,31
66.02122022362278,female,140.4320085877084,39
44.88471950101032,female,89.7537381035657,35
94.71587353643474,male,197.6872681941454,36
65.36564513341789,female,144.6087124233006,35
46.55947413711371,female,104.076440739481,29
89.63329351000112,male,187.2669969661835,62
46.52524279115664,female,91.53495650961524,40
71.50051371881354,female,155.2130629091767,46
52.04430303581253,female,96.97617112279184,45
65.51633770436621,male,138.7641786619327,56
50.07814917977075,female,97.72424893925668,38
76.88035315499788,male,140.2730123282914,23
77.65230021894284,male,147.4269759104099,40
82.70912658089738,male,173.8526380353119,50
71.7408031659067,female,148.5006076878096,28
46.15578963669675,female,94.6897537741281,47
71.8389432670872,male,144.2331501881516,37
68.03583408448732,male,130.7499248436031,50
81.90850858397614,male,170.3314115500636,47
86.77334137561796,male,169.5498532235183,34
88.7623496487754,male,198.6213166455323,53
45.98762980841641,female,102.1290206358581,31
64.9185930466192,male,141.6415613886968,23
62.5712312409365,male,124.5466291786306,49
63.82184432173759,female,133.2582725844771,33
56.05640872683626,female,121.3360983582949,39
57.73984073375124,female,108.555616203881,42
79.01534075929237,male,162.5709970023674,41
61.5270887876659,male,129.1254094371695,28
61.1808669424254,male,127.7282050948696,35
71.54396504217351,male,147.7547439209144,27
49.37636132757028,female,110.6875558176582,21
44.03925640918197,female,77.23971757145758,37
54.12417930442356,female,100.5509619871911,44
74.46574485603352,male,154.7130487221982,42
55.2963647718462,female,114.4746775212404,49
60.09430421944942,female,121.239471012486,40
69.77161369467454,female,132.1558357206878,56
83.03217857563496,male,159.3767584946971,31
90.24436050292672,male,193.0793816622682,43
42.84944930012793,female,79.31446633888133,37
77.74783190989442,female,140.2859422273846,40
93.3584510509252,male,187.7928636799522,40
46.97898100162314,female,97.80169629692546,33
92.16464896001362,male,178.4192709449629,39
70.11728607471625,female,126.7691742026636,37
49.28892282638351,female,86.96351676701568,47
61.76616179884556,female,109.1834138729754,45
48.04392119699931,female,95.49994509435382,44
59.0700124979616,female,114.6061391721306,46
69.70561255594957,male,155.802814344776,65
61.3673840371795,female,112.0288891077784,46
88.1925656318001,male,194.5581852063868,42
74.52385942790653,male,130.6717248377807,27
39.28639460675449,female,83.45621504403329,50
89.5507229609516,male,175.617013291486,40
56.76998515676927,female,126.045869191164,40
82.36120853761327,male,154.1130712650077,31
64.33672776732594,female,138.6427534020592,28
68.56891344300806,female,131.100241848736,55
63.4763691044602,female,128.5728682917608,51
60.05350619693228,female,129.0720363411157,42
72.56585042340933,male,139.3293722312416,40
89.0149793502522,male,199.7403051042949,51
81.85908362688083,male,157.3603739897734,39
77.79728553419545,female,159.3997712654267,55
62.68328092043112,female,118.5253789048944,44
58.96616615082354,female,114.9442820739128,38
60.23669468229767,female,111.6140251454587,34
67.69537294753778,male,146.2929164396315,44
68.3154434205267,male,150.3186123554583,52
59.92149223735416,female,119.5996176455566,49
89.84614794977509,male,183.4483998497712,47
63.1561092769221,female,130.1487548510296,36
53.20960057183505,female,96.30137449103422,48
73.06071174817164,female,146.0844485657381,28
66.92357926941222,female,141.2546082109063,34
65.62235507087671,male,123.3427773098877,42
68.53239628244961,female,124.6723413174409,22
74.42254916607654,female,132.25575171867,28
93.9671130295382,male,208.2712441842103,38
45.46351889136785,female,82.75837165204004,43
58.60856397028682,female,109.0895984105565,54
90.29689971174416,male,161.6017579798581,44
